Workbook

Sheet Employee
A1: Education | B1: JoiningYear | C1: City | D1: PaymentTier | E1: Age | F1: Gender | G1: EverBenched | H1: answer 5 | I1: ExperienceInCurrentDomain | J1: answer 9 | K1: LeaveOrNot | L1: answer 10
A2: Bachelors | B2: 2017 | C2: Bangalore | D2: 3 | E2: 34 | F2: Male | G2: No | H2: =IF(I1>3,"experienced","fresher") -> experienced | I2: 0 | J2: =IF(AND(Table1[[#This Row],[ExperienceInCurrentDomain]]>=5,Table1[[#This Row],[Age]]>=30),"senior employee","regular employee") -> regular employee | K2: 0 | L2: =IF(OR(Table1[[#This Row],[EverBenched]]="yes",Table1[[#This Row],[LeaveOrNot]]=1),"needs attention","no actions") -> no actions
A3: Bachelors | B3: 2013 | C3: Pune | D3: 1 | E3: 28 | F3: Female | G3: No | H3: =IF(I2>3,"experienced","fresher") -> fresher | I3: 3 | J3: =IF(AND(Table1[[#This Row],[ExperienceInCurrentDomain]]>=5,Table1[[#This Row],[Age]]>=30),"senior employee","regular employee") -> regular employee | K3: 1 | L3: =IF(OR(Table1[[#This Row],[EverBenched]]="yes",Table1[[#This Row],[LeaveOrNot]]=1),"needs attention","no actions") -> needs attention
A4: Bachelors | B4: 2014 | C4: New Delhi | D4: 3 | E4: 38 | F4: Female | G4: No | H4: =IF(I3>3,"experienced","fresher") -> fresher | I4: 2 | J4: =IF(AND(Table1[[#This Row],[ExperienceInCurrentDomain]]>=5,Table1[[#This Row],[Age]]>=30),"senior employee","regular employee") -> regular employee | K4: 0 | L4: =IF(OR(Table1[[#This Row],[EverBenched]]="yes",Table1[[#This Row],[LeaveOrNot]]=1),"needs attention","no actions") -> no actions
A5: Masters | B5: 2016 | C5: Bangalore | D5: 3 | E5: 27 | F5: Male | G5: No | H5: =IF(I4>3,"experienced","fresher") -> fresher | I5: 5 | J5: =IF(AND(Table1[[#This Row],[ExperienceInCurrentDomain]]>=5,Table1[[#This Row],[Age]]>=30),"senior employee","regular employee") -> regular employee | K5: 1 | L5: =IF(OR(Table1[[#This Row],[EverBenched]]="yes",Table1[[#This Row],[LeaveOrNot]]=1),"needs attention","no actions") -> needs attention
A6: Masters | B6: 2017 | C6: Pune | D6: 3 | E6: 24 | F6: Male | G6: Yes | H6: =IF(I5>3,"experienced","fresher") -> experienced | I6: 2 | J6: =IF(AND(Table1[[#This Row],[ExperienceInCurrentDomain]]>=5,Table1[[#This Row],[Age]]>=30),"senior employee","regular employee") -> regular employee | K6: 1 | L6: =IF(OR(Table1[[#This Row],[EverBenched]]="yes",Table1[[#This Row],[LeaveOrNot]]=1),"needs attention","no actions") -> needs attention
A7: Bachelors | B7: 2016 | C7: Bangalore | D7: 3 | E7: 22 | F7: Male | G7: No | H7: =IF(I6>3,"experienced","fresher") -> fresher | I7: 0 | J7: =IF(AND(Table1[[#This Row],[ExperienceInCurrentDomain]]>=5,Table1[[#This Row],[Age]]>=30),"senior employee","regular employee") -> regular employee | K7: 0 | L7: =IF(OR(Table1[[#This Row],[EverBenched]]="yes",Table1[[#This Row],[LeaveOrNot]]=1),"needs attention","no actions") -> no actions
A8: Bachelors | B8: 2015 | C8: New Delhi | D8: 3 | E8: 38 | F8: Male | G8: No | H8: =IF(I7>3,"experienced","fresher") -> fresher | I8: 0 | J8: =IF(AND(Table1[[#This Row],[ExperienceInCurrentDomain]]>=5,Table1[[#This Row],[Age]]>=30),"senior employee","regular employee") -> regular employee | K8: 0 | L8: =IF(OR(Table1[[#This Row],[EverBenched]]="yes",Table1[[#This Row],[LeaveOrNot]]=1),"needs attention","no actions") -> no actions
A9: Bachelors | B9: 2016 | C9: Bangalore | D9: 3 | E9: 34 | F9: Female | G9: No | H9: =IF(I8>3,"experienced","fresher") -> fresher | I9: 2 | J9: =IF(AND(Table1[[#This Row],[ExperienceInCurrentDomain]]>=5,Table1[[#This Row],[Age]]>=30),"senior employee","regular employee") -> regular employee | K9: 1 | L9: =IF(OR(Table1[[#This Row],[EverBenched]]="yes",Table1[[#This Row],[LeaveOrNot]]=1),"needs attention","no actions") -> needs attention
A10: Bachelors | B10: 2016 | C10: Pune | D10: 3 | E10: 23 | F10: Male | G10: No | H10: =IF(I9>3,"experienced","fresher") -> fresher | I10: 1 | J10: =IF(AND(Table1[[#This Row],[ExperienceInCurrentDomain]]>=5,Table1[[#This Row],[Age]]>=30),"senior employee","regular employee") -> regular employee | K10: 0 | L10: =IF(OR(Table1[[#This Row],[EverBenched]]="yes",Table1[[#This Row],[LeaveOrNot]]=1),"needs attention","no actions") -> no actions
A11: Masters | B11: 2017 | C11: New Delhi | D11: 2 | E11: 37 | F11: Male | G11: No | H11: =IF(I10>3,"experienced","fresher") -> fresher | I11: 2 | J11: =IF(AND(Table1[[#This Row],[ExperienceInCurrentDomain]]>=5,Table1[[#This Row],[Age]]>=30),"senior employee","regular employee") -> regular employee | K11: 0 | L11: =IF(OR(Table1[[#This Row],[EverBenched]]="yes",Table1[[#This Row],[LeaveOrNot]]=1),"needs attention","no actions") -> no actions
A12: Masters | B12: 2012 | C12: Bangalore | D12: 3 | E12: 27 | F12: Male | G12: No | H12: =IF(I11>3,"experienced","fresher") -> fresher | I12: 5 | J12: =IF(AND(Table1[[#This Row],[ExperienceInCurrentDomain]]>=5,Table1[[#This Row],[Age]]>=30),"senior employee","regular employee") -> regular employee | K12: 1 | L12: =IF(OR(Table1[[#This Row],[EverBenched]]="yes",Table1[[#This Row],[LeaveOrNot]]=1),"needs attention","no actions") -> needs attention
A13: Bachelors | B13: 2016 | C13: Pune | D13: 3 | E13: 34 | F13: Male | G13: No | H13: =IF(I12>3,"experienced","fresher") -> experienced | I13: 3 | J13: =IF(AND(Table1[[#This Row],[ExperienceInCurrentDomain]]>=5,Table1[[#This Row],[Age]]>=30),"senior employee","regular employee") -> regular employee | K13: 0 | L13: =IF(OR(Table1[[#This Row],[EverBenched]]="yes",Table1[[#This Row],[LeaveOrNot]]=1),"needs attention","no actions") -> no actions
... A4654: Bachelors | B4654: 2015 | C4654: Bangalore | D4654: 3 | E4654: 33 | F4654: Male | G4654: Yes | H4654: =IF(I4653>3,"experienced","fresher") -> fresher | I4654: 4 | J4654: =IF(AND(Table1[[#This Row],[ExperienceInCurrentDomain]]>=5,Table1[[#This Row],[Age]]>=30),"senior employee","regular employee") -> regular employee | K4654: 0 | L4654: =IF(OR(Table1[[#This Row],[EverBenched]]="yes",Table1[[#This Row],[LeaveOrNot]]=1),"needs attention","no actions") -> needs attention

Sheet Sheet1
A1: Find the total of all employees. | B1: =COUNTA(Employee!F:F) -> 4654
A2: Calculate the total years of Experience in Current Domain. | B2: =SUM(Employee!H:H) -> 0
A3: Find the highest and lowest Age in the dataset. | B3: highest | C3: =MAX(Employee!E:E) -> 41 | D3: lowest | E3: =MIN(Employee!E:E) -> 22
A4: Count how many employee records are available in the dataset. | B4: =COUNTA(Employee!E:E) -> 4654
A5: Display "Experienced" if an employee has more than 3 years of experience; otherwise Display "fresher". | B5: done
A6: Find the average age of employees whose Payment Tier is 3. | B6: =AVERAGEIF(Employee!D:D,3,Employee!E:E) -> 29.434708
A7: Find the total years of experience of employees from Bangalore. | B7: =SUMIF(Employee!C:C,"Bangalore",Employee!I:I) -> 6516
A8: Count how many employees belong to Pune. | B8: =COUNTIF(Employee!C:C,"pune") -> 1268
A9: Display "Senior Employee" if Experience ≥ 5 AND Age ≥ 30; otherwise display "Regular employee". | B9: done
A10: display "Needs Attention" if the employee was Ever Benched = "Yes" OR LeaveOrNot = 1; | B10: done
A11: otherwise display "No Action".
